Max_BPM,Avg_BPM,Resting_BPM,Session_Duration (hours),Calories_Burned,Workout_Type,Fat_Percentage,Water_Intake (liters),Workout_Frequency (days/week),Experience_Level,BMI
198,156,54,1.45,1150,HIIT,14.5,3.8,5,2,21.37
195,160,62,1.77,1171,Strength,15.3,2.9,4,1,22.16
194,160,62,1.79,1123,Yoga,15.0,2.7,4,2,22.54
188,163,63,1.18,1154,Strength,12.6,3.3,4,2,22.51
190,160,61,1.47,1314,Yoga,13.0,3.1,5,2,21.58
189,154,60,1.31,1201,Strength,19.8,3.1,5,2,20.86
189,165,56,1.25,1241,Strength,16.9,3.1,5,2,20.44
187,154,59,1.54,1357,Cardio,13.7,2.9,5,2,21.16
200,158,65,1.43,1247,Strength,10.4,3.2,4,2,20.99
193,160,61,1.68,1158,Strength,11.3,3.1,5,1,22.18
188,155,61,1.23,1188,Cardio,15.0,2.7,5,2,23.21
186,157,58,2.08,1235,HIIT,13.3,3.1,4,2,20.99
197,164,60,1.44,1253,Yoga,13.6,3.1,5,1,21.79
191,159,59,1.6,1109,HIIT,19.2,2.8,4,1,20.16
195,157,61,1.67,1093,Cardio,16.6,3.4,5,2,20.64
195,156,59,1.34,1213,Yoga,11.7,3.2,5,1,21.62
186,161,59,1.45,1266,HIIT,14.9,3.5,5,2,21.2
193,158,59,1.55,1269,HIIT,14.9,2.7,3,1,21.79
188,158,59,1.34,1213,HIIT,16.1,2.9,4,2,22.49
190,158,63,1.48,1199,Strength,17.5,2.6,3,1,22.8
190,165,61,1.78,1237,HIIT,16.4,3.0,5,1,21.92
180,161,61,1.33,1087,Strength,14.9,2.9,5,1,22.83
195,159,60,1.34,1332,Strength,15.0,3.0,4,1,21.9
185,158,61,1.48,1198,Strength,15.9,2.6,4,1,21.37
190,162,55,1.26,1215,Yoga,14.3,3.1,4,2,21.75
192,156,57,1.62,1183,Yoga,13.7,2.8,4,1,21.78
184,156,63,1.49,1289,HIIT,15.2,2.7,5,2,21.78
194,156,58,1.65,1170,Yoga,17.6,3.3,5,1,23.19
193,157,55,1.54,1180,HIIT,15.4,3.6,5,1,21.96
190,159,61,1.42,1247,HIIT,18.4,2.9,5,1,22.54
190,157,58,1.32,1194,Strength,17.6,3.2,5,1,22.33
191,157,59,1.94,1149,HIIT,13.7,3.2,4,2,22.11
188,160,61,1.66,1073,Yoga,14.7,3.3,4,1,22.23
197,164,58,1.81,1359,Cardio,17.8,2.9,5,2,22.39
194,161,59,1.56,1066,Cardio,13.1,3.0,5,1,23.45
190,156,62,1.52,1157,Yoga,17.3,2.8,5,1,21.27
190,162,58,1.77,1325,Cardio,14.0,3.1,4,1,20.89
184,158,61,1.61,1122,HIIT,13.7,3.1,4,1,22.08
186,161,59,1.81,1305,Cardio,15.5,2.4,5,2,23.41
181,164,63,1.34,1392,Yoga,16.0,2.9,5,1,22.79
191,155,59,1.37,1242,Yoga,15.2,2.6,4,2,22.05
194,158,61,1.5,1308,HIIT,13.3,3.4,5,2,21.92
194,159,60,1.62,1269,Strength,14.0,2.7,4,2,21.6
199,161,61,1.43,1162,HIIT,17.4,3.3,6,1,21.38
196,155,62,1.75,1209,Strength,18.3,3.0,4,2,23.2
191,158,56,1.2,1189,Strength,18.0,3.0,4,1,23.52
183,152,61,1.17,1205,Cardio,15.3,2.7,4,1,20.3
184,159,59,1.67,1226,HIIT,13.8,3.6,4,2,21.87
184,161,58,1.48,1171,Yoga,13.3,2.7,5,2,22.1
194,164,61,1.92,1117,HIIT,12.2,3.1,5,1,22.19
194,156,61,1.45,1213,Cardio,16.4,2.8,5,2,21.96
193,162,58,1.42,1154,Cardio,11.2,3.0,5,2,21.47
184,162,63,1.67,1233,Cardio,14.4,3.0,4,2,23.64
191,160,58,1.53,1344,Strength,14.0,3.5,4,1,23.4
182,162,59,1.49,1187,Cardio,19.5,2.9,4,1,20.32
190,161,58,1.44,1117,Strength,16.9,2.8,4,1,23.12
188,158,62,1.7,1268,HIIT,12.6,2.7,5,2,23.16
188,158,61,1.52,1252,Yoga,22.4,3.4,5,1,22.33
188,159,59,1.45,1168,Yoga,15.3,3.2,4,1,22.92
192,158,57,1.25,1221,Strength,18.8,2.6,5,1,22.22
189,158,58,1.66,1109,HIIT,12.0,2.5,4,2,20.58
186,159,56,1.23,1230,Strength,15.5,2.8,5,2,21.05
193,164,65,1.13,1383,Yoga,16.1,2.0,4,1,22.32
192,162,58,1.62,1328,Cardio,11.9,3.1,4,2,21.33
187,157,58,1.88,1279,Strength,17.9,3.1,5,1,22.08
192,161,61,1.46,1214,Yoga,17.6,2.5,4,1,20.88
191,154,64,0.94,1202,Yoga,13.8,3.0,4,1,23.17
183,153,61,1.22,1056,Strength,16.8,3.1,5,1,22.94
191,163,58,1.26,1001,HIIT,16.2,3.2,4,1,22.73
182,157,59,1.66,1256,Yoga,13.9,3.0,3,2,20.99
195,158,61,1.67,1234,Cardio,13.1,3.1,5,1,20.83
192,159,59,1.63,1119,Yoga,14.8,3.5,4,1,22.39
185,156,56,1.53,1205,HIIT,16.2,3.3,4,2,22.52
193,159,60,1.39,1125,Cardio,11.3,3.2,4,1,22.59
188,159,60,1.85,1173,Strength,15.6,2.7,5,2,22.52
189,159,59,1.51,1138,Cardio,14.2,3.0,5,1,22.31
200,156,59,1.61,1127,Yoga,14.9,2.4,5,2,22.36
189,163,59,1.87,1403,Strength,13.1,3.0,4,1,22.27
195,158,61,1.72,1321,Cardio,12.2,3.5,4,2,22.66
183,157,61,1.09,1214,HIIT,15.6,2.8,3,2,22.51
185,160,58,1.68,1236,Cardio,18.5,2.8,4,1,22.62
187,156,61,1.75,1117,Yoga,16.9,3.2,4,1,22.03
192,158,60,1.06,1116,HIIT,13.6,2.7,4,1,21.43
191,161,59,1.65,1099,HIIT,14.8,3.5,5,2,21.52
190,158,63,1.39,1174,Cardio,11.6,3.1,4,2,21.13
197,157,61,1.67,1279,Strength,14.4,3.1,5,1,21.25
187,152,56,1.61,1286,Cardio,12.5,2.9,4,1,22.55
200,159,61,1.48,1347,HIIT,15.3,2.8,4,1,22.33
189,162,59,1.01,1146,Cardio,14.9,3.1,5,1,20.35
188,162,59,1.65,1300,Strength,10.4,3.2,4,2,21.27
182,162,58,1.38,1294,Cardio,11.8,2.9,5,1,21.18
194,159,59,1.5,1079,Yoga,16.4,3.4,5,1,22.18
186,158,56,1.59,1342,HIIT,14.0,3.0,4,1,22.22
194,159,60,1.51,1153,Yoga,13.3,3.2,4,2,22.67
186,159,56,1.61,1125,Cardio,13.9,2.9,4,1,21.77
187,156,62,1.63,1208,Cardio,15.2,3.0,4,1,21.07
184,161,58,1.63,1157,Yoga,21.1,3.0,3,2,20.05
185,161,58,1.65,1257,Cardio,16.2,3.3,4,2,22.12
192,160,63,1.47,1200,Yoga,13.9,3.0,4,1,22.56
193,160,61,1.59,1282,Cardio,22.9,2.7,5,1,22.98
195,157,60,1.55,1282,Strength,15.1,3.4,5,1,21.31
185,162,60,1.53,1037,HIIT,14.1,2.7,4,2,20.83
189,157,56,1.54,1344,Strength,13.8,3.1,4,2,22.71
185,162,58,1.51,1212,Yoga,10.8,2.9,4,2,21.75
182,160,57,1.56,1145,Strength,11.5,2.9,5,2,23.45
196,153,59,1.24,1175,Strength,16.4,3.1,3,1,23.3
188,163,57,1.59,1218,Yoga,13.8,3.6,4,1,21.53
200,156,62,1.45,1319,Cardio,14.4,3.6,5,1,21.02
191,160,57,1.6,1089,Yoga,17.0,2.8,5,2,21.63
195,159,63,1.5,1144,Yoga,15.5,2.8,5,2,24.16
191,158,62,1.39,1343,HIIT,17.2,3.5,4,1,21.42
189,161,59,1.54,1165,Strength,16.4,3.5,4,2,21.78
182,163,60,1.51,1394,Strength,15.8,3.1,4,1,20.98
192,162,59,1.37,1251,Cardio,15.9,2.9,5,2,21.56
199,161,57,1.73,1368,Strength,18.4,3.2,4,2,22.99
195,155,61,1.79,900,Yoga,14.4,3.0,5,1,22.57
187,155,57,1.26,1284,Yoga,16.7,2.6,5,1,21.67
180,157,56,1.51,1371,HIIT,15.9,3.5,5,2,21.27
188,155,61,1.59,1237,HIIT,16.7,2.9,5,1,23.67
195,154,60,1.82,1279,Yoga,14.2,3.5,5,2,21.12
199,161,58,0.99,1253,Strength,17.5,3.2,4,2,23.15
188,163,58,1.51,1216,Cardio,13.7,3.4,4,1,22.02
183,159,61,1.6,1263,Strength,15.0,3.3,5,1,21.27
189,163,58,2.04,1249,Yoga,16.3,2.5,5,1,23.73
200,157,59,1.45,1085,Yoga,12.9,3.0,4,2,21.85
188,156,59,1.42,1131,HIIT,14.9,3.0,5,1,23.03
183,162,63,1.53,1098,Cardio,17.3,2.8,4,2,21.98
187,155,57,1.62,1243,HIIT,12.9,3.1,4,1,22.74
189,157,61,1.6,1244,HIIT,14.3,3.0,5,2,22.86
200,158,59,1.59,1037,Yoga,10.8,2.9,5,1,23.04
195,160,55,1.33,1135,Cardio,16.0,3.0,4,1,22.79
195,160,59,1.41,1195,HIIT,18.2,2.8,4,1,20.84
190,157,57,1.51,1138,HIIT,12.9,2.9,4,1,21.17
187,163,60,1.63,1202,Strength,18.6,3.6,5,1,22.46
186,162,61,1.48,916,Strength,18.0,3.6,5,1,23.98
190,160,56,1.6,1435,Yoga,18.5,3.3,5,1,23.53
188,158,57,1.72,1391,Yoga,12.8,2.6,4,2,23.39
186,163,59,1.9,1237,HIIT,14.8,3.5,5,1,21.35
185,160,57,1.64,1304,Cardio,11.6,3.3,4,2,20.33
189,158,61,1.64,1113,Strength,18.4,2.6,3,2,22.53
197,161,62,1.4,1169,Strength,16.7,2.9,5,2,20.86
189,162,61,1.68,1213,Yoga,15.9,3.0,5,1,22.17
191,161,58,1.52,1054,Cardio,17.2,3.0,5,2,20.48
189,163,60,1.44,1212,Strength,14.2,2.8,4,2,20.32
188,159,64,1.47,1061,Strength,10.0,2.6,5,1,22.42
199,161,58,1.38,1290,Strength,14.0,3.0,5,2,20.75
191,157,56,1.83,1211,HIIT,16.4,3.1,5,1,22.44
191,158,60,1.64,1309,Yoga,13.0,2.8,4,1,22.09
183,155,61,1.66,1410,Cardio,11.8,2.5,5,2,21.81
177,162,60,1.69,1125,Strength,15.8,3.1,5,2,22.71
183,162,58,1.3,1294,Cardio,19.9,3.0,4,1,20.83
184,159,58,1.29,1041,Cardio,16.6,2.8,4,1,22.76
188,159,60,1.39,1101,Yoga,12.6,2.9,5,2,22.59
192,159,59,1.47,1293,HIIT,15.9,3.1,4,1,22.42
191,157,61,1.36,1096,Cardio,15.6,3.2,5,2,23.24
198,159,59,1.3,1371,Yoga,13.8,3.1,5,2,20.83
186,159,60,1.5,1229,Strength,15.6,3.1,5,2,21.51
187,162,63,1.92,1156,Strength,13.4,3.2,5,1,22.31
192,160,57,1.42,1131,Cardio,17.7,2.9,4,2,21.62
189,164,61,1.41,1275,HIIT,13.9,3.0,4,1,20.94
183,160,62,1.96,1072,HIIT,16.8,2.8,4,1,22.74
186,161,56,1.92,1280,Yoga,16.6,2.6,4,2,20.56
186,160,62,1.69,1273,Strength,14.2,2.9,5,2,21.87
191,159,60,1.68,1296,Strength,15.4,2.7,5,2,21.73
192,161,63,1.53,1247,Strength,17.4,3.2,5,1,21.14
193,155,55,1.27,892,Strength,16.1,3.2,5,1,22.69
189,161,62,0.99,1237,Strength,15.6,3.0,5,2,22.81
184,161,60,1.46,1287,Yoga,11.3,2.8,4,2,22.49
200,163,64,1.45,1252,Yoga,13.6,3.1,5,2,21.67
195,163,55,1.67,1183,HIIT,13.7,3.0,5,1,22.65
189,160,64,1.44,1183,Yoga,13.5,2.5,5,2,21.9
195,161,60,1.52,1241,Cardio,13.8,3.0,4,1,22.68
190,159,58,1.57,993,Cardio,13.5,3.6,4,2,23.65
193,162,59,1.55,1326,Cardio,14.0,3.5,5,2,21.41
183,158,59,1.9,1095,Yoga,12.8,2.6,5,2,20.63
184,160,59,1.46,1151,Cardio,14.2,2.8,5,1,21.93
194,161,60,1.82,1074,HIIT,16.1,3.4,5,1,20.9
190,166,58,1.42,1261,Yoga,17.9,3.1,5,1,21.69
184,159,63,1.49,1056,Yoga,14.1,2.9,3,1,22.35
189,160,59,1.12,1074,Yoga,11.5,3.1,5,1,21.98
188,159,59,1.82,1228,HIIT,16.1,3.8,4,1,21.71
183,162,58,1.05,1208,Cardio,13.2,3.4,5,2,22.68
199,163,60,1.38,1249,Yoga,18.5,2.8,5,1,23.3
186,162,61,1.5,1218,HIIT,14.3,3.2,5,2,21.18
192,160,62,1.79,1262,Strength,11.8,2.9,5,1,20.66
189,161,64,1.53,1208,HIIT,15.5,3.4,4,2,21.3
190,162,59,1.68,1067,Yoga,16.7,3.2,4,2,21.81
190,158,56,1.62,1148,Strength,16.7,3.5,5,1,21.07
195,161,59,1.44,1256,Yoga,13.2,2.7,4,1,19.35
190,154,59,1.84,1308,Strength,15.8,2.9,4,2,22.12
190,161,55,1.47,1031,HIIT,15.8,3.2,4,1,23.42
198,160,61,1.38,1236,Cardio,13.9,3.5,5,2,21.51
191,161,57,1.81,1371,Cardio,18.9,2.8,4,2,21.61
200,158,61,1.36,1222,HIIT,17.1,3.1,4,2,22.54
196,158,62,1.57,1206,HIIT,13.3,2.8,6,1,21.79
180,161,62,1.46,1149,Cardio,13.8,3.4,5,1,23.62
192,156,62,1.57,1104,Yoga,13.0,3.0,4,2,21.93
190,157,60,1.55,1102,HIIT,14.8,2.8,4,2,21.89
188,163,59,1.58,1225,Strength,17.2,2.8,4,2,24.27
183,163,61,1.73,1184,Yoga,15.4,2.9,5,2,21.73
192,162,59,1.89,967,Cardio,14.6,2.9,5,1,19.88
186,157,62,1.48,1234,Yoga,11.2,3.1,5,2,21.9
196,159,61,1.61,1171,Yoga,16.9,2.8,5,1,22.25
190,160,59,1.53,1095,HIIT,13.2,3.2,4,1,21.23
180,155,59,1.92,1242,Strength,17.8,2.6,5,2,23.22
194,160,60,1.41,1215,HIIT,16.2,3.6,5,1,23.42
191,155,59,1.26,1296,Yoga,17.0,3.0,4,2,22.96
183,163,59,1.44,1464,Yoga,15.4,3.1,5,1,20.72
192,165,60,1.46,1129,HIIT,15.3,2.7,4,1,22.12
198,163,61,1.62,1045,Cardio,16.1,3.5,5,2,22.98
188,156,59,1.08,1330,Cardio,13.2,2.8,4,2,20.91
195,158,61,1.59,976,Strength,11.7,3.0,5,2,22.54
193,155,58,1.72,1201,Cardio,15.7,2.1,4,1,21.98
190,159,58,1.27,1319,Cardio,14.5,3.7,4,1,24.06
198,156,57,1.73,1160,Yoga,15.2,3.0,5,1,21.83
187,159,59,1.84,1133,Yoga,16.1,2.6,4,2,22.28
190,160,58,1.67,1098,Yoga,12.5,2.8,4,2,22.18
191,157,61,1.66,1062,Yoga,12.8,3.4,4,1,23.95
181,156,62,1.65,1366,Strength,12.0,2.5,5,2,21.37
187,158,61,1.42,1072,Yoga,16.2,3.2,5,1,20.84
193,160,62,1.83,1202,HIIT,17.0,2.9,4,1,21.02
196,161,56,1.66,1149,Yoga,13.3,3.8,4,1,22.63
192,162,58,1.43,1178,Cardio,11.5,3.3,4,2,22.98
188,160,57,1.45,1083,Strength,12.3,2.8,5,1,21.56
189,161,60,1.55,1275,Strength,15.0,3.3,5,1,23.09
196,158,60,1.73,1147,Yoga,14.9,2.8,5,1,21.46
191,159,64,1.58,1209,HIIT,16.4,2.9,5,1,22.45
194,159,61,1.55,1200,Yoga,15.6,2.8,4,2,21.2
192,157,57,1.55,1097,HIIT,14.3,3.1,4,2,22.35
186,161,58,1.22,1186,Cardio,14.6,2.6,6,2,20.75
187,161,57,1.77,1268,Yoga,13.1,3.4,4,1,22.01
191,162,57,1.51,1317,HIIT,15.3,3.2,5,2,23.36
189,164,62,1.51,1085,Strength,15.6,3.0,4,2,22.95
193,159,59,1.53,1217,Cardio,14.5,3.3,6,2,21.29
192,167,60,1.5,1280,Yoga,15.9,2.8,4,2,19.06
182,164,63,1.36,1222,Cardio,17.0,3.1,5,1,21.87
187,162,58,1.57,1203,Cardio,14.9,3.0,4,2,21.36
189,157,57,1.5,1239,HIIT,14.0,3.1,5,1,23.22
197,161,61,1.2,1141,Cardio,13.9,3.0,4,1,23.72
187,160,56,1.74,1140,Cardio,14.2,2.9,4,1,21.63
178,159,58,1.38,1116,Cardio,15.6,2.9,5,1,22.47
192,160,57,1.78,1337,Strength,15.5,2.5,5,2,20.74
183,163,57,1.47,1301,Yoga,14.3,3.6,4,1,21.28
185,161,57,1.5,1464,Yoga,10.6,3.1,5,2,23.33
193,154,63,1.73,1175,Cardio,15.8,3.2,4,2,22.18
195,163,60,1.31,1085,Yoga,15.8,3.1,4,2,22.56
182,159,60,1.79,1293,HIIT,16.7,2.6,4,1,21.79
189,162,59,1.48,1198,Cardio,15.0,3.1,5,2,21.92
189,158,61,1.69,1238,Cardio,10.4,3.2,5,1,23.53
185,160,57,1.45,1219,Cardio,17.9,3.3,4,1,21.72
185,164,58,1.6,1216,Strength,17.0,2.4,5,1,21.43
186,154,59,1.39,888,Cardio,11.7,2.8,5,2,21.46
191,157,58,1.56,1045,Strength,14.9,3.5,4,1,23.78
184,158,61,2.17,1273,Strength,16.2,2.8,4,2,21.51
190,160,60,1.68,1263,Yoga,15.5,2.6,5,2,21.42
193,167,57,1.25,1198,Cardio,16.0,2.9,5,2,23.03
191,158,61,1.76,1160,Yoga,13.7,3.5,4,1,22.11
192,162,58,1.41,1304,Yoga,17.0,3.0,5,1,22.22
188,165,61,1.3,1229,Strength,14.9,3.1,4,1,20.07
191,158,61,1.82,1252,Yoga,14.4,3.1,5,2,21.57
183,158,58,1.55,1126,HIIT,11.6,3.2,5,2,22.59
186,157,60,1.36,1262,Cardio,15.2,2.9,4,1,21.9
192,156,59,1.38,1009,Cardio,17.3,2.6,5,1,22.54
186,162,60,1.84,1280,Yoga,14.4,3.5,5,2,22.49
192,159,62,1.6,1074,Strength,11.1,3.8,4,1,23.35
175,154,58,1.55,1114,Yoga,15.3,2.3,5,1,20.94
195,156,58,1.31,1010,Cardio,12.9,2.5,4,2,22.57
180,151,63,1.54,1239,HIIT,15.2,2.9,4,1,21.62
192,157,57,1.49,1077,Yoga,14.6,3.2,4,2,20.79
187,163,61,1.38,1321,Yoga,13.3,3.2,5,1,21.96
196,161,59,1.38,1092,Strength,15.9,3.3,5,2,21.69
185,159,59,1.85,991,Cardio,16.7,3.2,4,1,21.55
179,161,60,1.45,1217,Strength,15.8,3.3,4,2,20.92
183,159,57,1.65,1221,HIIT,13.5,3.2,5,2,22.4
183,162,60,1.52,1367,Cardio,14.3,3.0,4,1,22.81
182,161,57,1.6,1300,Cardio,13.0,3.1,4,2,20.89
185,163,57,1.58,1307,Cardio,17.5,3.7,4,2,21.82
184,159,58,1.32,1217,HIIT,13.0,2.3,4,2,21.81
186,162,61,1.43,1330,Yoga,14.3,3.4,4,2,23.66
186,159,60,1.46,1359,Yoga,16.0,3.2,5,2,22.36
188,156,58,1.71,1160,Strength,14.4,3.0,4,1,22.53
200,161,61,1.74,1281,Cardio,16.3,2.1,4,2,21.42
192,161,60,1.51,1194,Yoga,16.8,3.0,5,1,22.26
200,155,61,1.41,1301,Yoga,14.8,3.3,4,1,22.92
196,159,59,1.48,1182,Cardio,14.4,2.8,5,1,21.18
187,164,60,1.39,1178,HIIT,17.3,3.2,4,2,20.61
195,157,61,1.67,1142,HIIT,16.0,3.3,4,1,23.76
197,158,56,1.44,1393,HIIT,12.1,3.2,4,2,22.01
189,156,63,1.45,1283,Yoga,13.0,2.9,5,2,22.33
191,160,61,1.27,1176,Cardio,17.9,3.5,4,1,22.88
193,156,60,1.64,1287,Cardio,12.8,3.1,5,1,21.12
197,161,60,1.7,1201,HIIT,15.6,2.6,4,2,21.84
192,158,59,1.32,1274,Cardio,14.3,3.0,4,1,23.71
195,155,60,1.51,1065,HIIT,16.1,2.9,5,2,20.16
188,158,63,1.78,1259,Yoga,10.9,3.2,5,1,21.95
179,153,61,1.36,1267,HIIT,15.3,3.7,5,2,22.86
187,155,60,1.39,1239,Strength,18.6,3.3,5,1,20.56
191,157,63,1.75,1293,HIIT,18.0,3.0,6,2,21.38
195,160,60,1.32,1187,Yoga,19.0,2.8,6,1,22.26
191,161,56,1.43,1261,HIIT,12.0,2.9,4,2,21.78
190,168,59,1.37,998,Yoga,14.6,3.3,5,2,22.62
182,166,61,1.35,1146,Strength,13.2,2.7,5,1,21.78
189,159,59,1.47,1169,Yoga,15.1,3.4,5,1,21.1
198,159,57,1.52,1093,Cardio,17.9,3.0,5,1,21.2
191,163,58,1.65,1091,Strength,16.1,2.7,5,1,21.88
188,162,60,1.43,1088,Cardio,16.9,3.2,5,1,20.47
192,162,61,1.25,1389,HIIT,16.5,3.6,4,2,23.22
189,158,59,1.45,1324,Strength,14.5,2.9,4,1,23.28
182,159,60,1.34,1199,Yoga,15.5,2.9,4,2,22.11
187,165,58,1.55,1318,Yoga,17.4,3.4,6,2,21.96
186,157,59,1.36,1298,Cardio,12.4,3.1,5,2,21.32
187,157,60,1.6,1187,Yoga,14.1,3.0,4,2,20.66
196,156,59,1.23,1100,Cardio,12.4,3.1,4,1,21.39
188,157,59,1.58,1163,Cardio,14.7,3.3,4,2,23.16
190,152,61,1.84,1308,Yoga,13.0,3.3,5,2,23.32
199,153,60,1.27,1154,Strength,13.7,3.5,4,2,24.24
190,157,56,1.53,1220,Strength,11.7,2.6,4,2,22.34
181,162,60,1.32,1282,Cardio,15.2,3.2,4,2,24.34
183,160,59,1.05,1243,HIIT,14.1,3.3,4,2,22.84
188,160,60,1.48,1106,HIIT,12.9,3.1,5,1,20.71
194,163,59,1.4,1197,HIIT,11.8,2.9,4,2,22.23
184,161,58,1.56,1317,Cardio,14.6,3.4,5,2,23.37
185,164,56,1.78,1265,Cardio,16.7,2.6,5,2,22.82
187,156,58,1.71,1324,Cardio,10.6,3.0,4,2,24.14
190,159,60,1.54,1167,Strength,14.4,3.3,5,1,20.76
184,160,62,1.84,1114,Strength,16.3,3.2,4,2,23.7
191,161,62,1.39,1225,Yoga,17.0,3.4,4,1,23.89
193,155,60,1.75,1102,Yoga,15.3,3.3,5,2,22.44
194,156,57,1.44,1147,Yoga,16.2,3.5,4,1,21.86
194,156,63,1.42,1065,Yoga,17.7,3.0,4,1,21.84
194,163,60,1.73,1238,Strength,16.5,2.7,5,2,21.79
191,158,60,1.6,1368,Strength,14.7,3.1,4,1,19.84
186,159,60,1.63,1337,Strength,11.1,2.5,5,1,23.25
187,161,61,1.04,1078,Strength,16.1,2.6,5,2,22.64
195,157,57,1.43,1256,HIIT,14.9,3.0,4,2,23.24
195,163,57,1.44,1177,Cardio,13.9,3.2,5,2,21.77
187,156,60,2.0,1266,HIIT,16.4,3.4,4,2,21.48
187,164,61,1.18,1198,HIIT,14.9,2.8,4,1,22.2
192,164,56,1.51,1188,HIIT,13.6,2.9,5,2,23.09
190,164,63,1.21,1004,Cardio,12.9,3.3,5,2,21.8
200,158,60,1.66,1324,Cardio,14.8,3.1,4,2,23.4
190,153,58,1.55,1367,Yoga,13.8,3.0,5,1,23.43
191,159,60,1.66,1191,Yoga,12.9,2.4,4,2,21.44
194,161,61,1.63,1163,Strength,16.1,3.5,4,1,21.99
185,159,60,1.15,1130,Strength,17.0,2.9,4,2,23.55
189,156,61,1.95,1289,Cardio,15.9,3.5,4,1,20.3
193,160,62,1.23,1231,HIIT,14.7,3.3,4,2,21.92
189,156,62,1.59,1162,Cardio,17.6,3.0,5,2,21.72
192,164,60,1.65,1217,Cardio,13.0,3.1,4,2,23.36
181,158,59,1.5,1211,Yoga,14.2,3.3,5,2,21.8
197,156,63,1.74,1323,Strength,16.4,3.0,5,2,21.75
185,162,59,1.48,1303,Yoga,16.2,2.9,4,2,22.14
185,158,60,1.11,1254,HIIT,17.1,3.2,5,2,21.28
194,159,59,1.57,1184,Strength,14.7,2.7,5,2,21.6
186,156,59,1.43,1232,Yoga,18.5,3.0,4,1,24.83
188,157,58,1.31,1148,Cardio,11.5,2.7,4,2,21.34
186,157,56,1.47,1433,Yoga,17.3,2.8,5,2,21.2
195,160,62,1.17,1113,HIIT,13.6,3.0,5,2,22.29
184,157,62,1.41,1299,Strength,13.3,3.4,6,2,21.69
198,157,62,1.71,1149,HIIT,14.3,2.8,4,2,23.43
195,158,59,1.79,1236,Cardio,16.7,2.9,6,2,20.82
189,158,58,1.26,1187,Yoga,14.5,2.5,4,2,22.36
187,160,61,1.41,1178,Cardio,14.4,3.2,4,1,22.83
188,157,59,1.62,1034,Cardio,13.0,3.5,4,2,21.63
188,161,59,1.42,1200,HIIT,17.9,2.6,4,2,22.1
185,161,57,1.73,1172,HIIT,16.2,2.7,5,2,21.67
192,152,62,1.64,1069,Strength,15.6,2.5,4,1,20.99
185,161,60,1.66,1178,Strength,13.4,3.3,5,2,19.84
194,158,60,1.21,1186,HIIT,14.0,2.9,4,2,21.35
187,161,59,1.52,1092,Strength,14.7,3.2,5,1,22.52
190,165,60,1.31,1049,Strength,16.5,2.6,4,1,24.09
184,160,55,1.98,1243,Cardio,15.3,3.3,4,1,20.81
192,162,61,1.74,1139,Strength,16.4,2.9,5,1,23.62
188,161,61,1.38,1296,Cardio,14.4,3.4,5,1,21.05
194,156,60,1.59,1194,Strength,15.8,3.0,4,2,21.86
186,159,59,1.55,1253,Strength,15.0,2.9,4,2,22.27
199,159,57,1.46,1307,Strength,17.5,2.9,6,1,21.23
182,162,59,1.98,1237,Cardio,12.4,3.3,5,1,22.11
180,160,58,1.58,1318,Strength,14.0,2.8,5,1,22.24
185,158,61,1.05,1268,Yoga,15.4,2.5,4,2,21.99
179,156,60,1.49,1073,HIIT,18.1,2.9,4,1,20.9
200,161,63,1.51,995,Yoga,16.6,2.7,4,2,22.75
191,160,57,1.49,1407,Yoga,15.2,3.1,5,1,21.01
187,163,61,1.51,1095,Yoga,16.6,3.1,4,2,21.96
187,157,60,1.68,1032,Strength,13.4,3.6,4,1,22.83
196,168,61,1.39,1300,HIIT,15.1,3.3,4,1,21.32
190,155,58,1.48,1062,HIIT,15.1,2.9,4,1,19.69
185,158,57,1.4,1318,HIIT,13.5,2.9,5,2,20.43
187,160,59,1.52,1111,HIIT,13.1,3.0,5,1,22.44
190,160,61,1.41,1079,HIIT,14.3,2.9,5,1,21.3
189,157,60,1.91,1268,Yoga,15.6,3.2,5,2,23.55
191,165,62,1.52,1182,Yoga,16.0,3.5,5,1,21.66
192,164,61,1.19,1260,Strength,14.3,2.6,5,2,21.65
185,158,60,1.4,1164,Strength,15.5,3.4,5,2,21.85
199,160,57,1.59,1276,Yoga,17.4,2.9,4,1,21.64
188,158,61,1.48,1178,HIIT,11.2,3.1,5,2,20.94
188,154,58,1.39,1391,Strength,14.7,3.2,4,1,22.4
187,158,59,1.75,1391,HIIT,11.9,3.0,5,1,23.74
185,159,65,1.52,1143,Yoga,11.8,2.6,5,1,20.6
195,162,64,1.76,1049,Cardio,11.6,3.4,4,1,21.37
189,159,61,1.24,1198,Strength,16.7,3.4,4,1,22.31
183,161,58,1.6,1212,HIIT,15.5,3.0,4,1,21.62
184,161,58,1.62,1218,Strength,13.9,3.0,4,1,22.39
195,162,59,1.28,1263,Strength,13.4,2.1,4,2,19.61
193,159,59,1.42,1155,Yoga,17.6,3.0,4,1,23.96
189,162,57,1.92,1124,Yoga,17.3,2.8,5,1,20.26
194,156,62,1.4,1204,Cardio,15.9,3.3,5,2,22.05
192,158,61,1.81,1282,Cardio,18.0,2.9,5,1,22.68
180,157,57,1.63,1191,Strength,16.0,2.6,5,1,22.05
193,163,61,1.39,1340,Strength,15.8,2.9,5,2,22.31
191,155,63,1.29,1411,HIIT,13.2,3.0,6,2,21.75
199,165,61,1.46,1283,Strength,10.0,3.4,5,2,24.27
196,159,57,1.82,1232,Yoga,15.9,2.6,4,2,21.28
191,160,61,1.52,1173,Strength,15.2,3.6,4,1,20.67
182,165,58,1.65,1335,Cardio,14.2,3.3,5,2,22.55
184,154,60,1.8,1215,HIIT,15.6,3.1,4,2,21.49
193,159,57,1.33,1217,HIIT,17.4,3.0,5,1,22.38
195,155,58,1.24,1211,Strength,16.2,3.2,4,2,22.76
180,161,61,1.4,1207,Yoga,12.2,3.3,5,1,22.21
196,160,60,1.31,1295,Strength,15.2,3.4,5,2,23.18
191,157,56,1.06,1353,Yoga,18.6,3.1,4,1,20.16
191,161,59,1.61,1398,Yoga,12.1,3.2,4,2,21.4
199,162,61,1.49,1098,Strength,13.7,3.1,4,1,21.03
192,155,64,1.64,1201,Cardio,13.4,3.2,4,2,22.93
189,159,58,1.74,1143,Cardio,14.0,3.1,4,2,22.14
192,158,60,1.29,1410,Yoga,14.1,3.0,5,1,22.33
186,159,64,1.24,1464,Cardio,13.3,2.3,4,2,20.95
193,167,61,1.33,1089,HIIT,15.0,3.5,5,1,21.85
191,159,61,1.48,1313,HIIT,14.2,2.4,5,2,22.94
190,162,59,1.55,1076,Strength,14.9,2.6,4,2,22.09
193,161,59,1.77,1207,Strength,13.3,3.1,4,1,21.88
174,160,60,1.47,1322,HIIT,16.3,2.5,5,2,22.86
199,162,60,1.58,1338,Yoga,16.0,3.4,4,1,22.07
189,159,61,1.36,1385,Yoga,15.6,3.1,5,2,22.46
190,158,60,1.49,1159,Strength,16.8,2.9,5,2,22.7
185,162,60,1.37,1131,Yoga,14.4,2.9,4,2,20.45
197,158,58,1.61,1231,HIIT,14.4,2.9,5,1,23.15
189,153,61,1.46,1212,Strength,19.7,3.1,4,2,23.39
192,161,60,1.79,1194,Yoga,14.9,3.2,5,1,23.42
196,160,61,1.3,1102,HIIT,11.5,2.8,5,1,22.73
191,161,56,1.48,1331,HIIT,18.1,3.1,4,1,21.69
184,162,63,1.21,1137,Cardio,13.3,2.6,4,2,21.76
191,156,60,1.79,1270,Cardio,16.4,2.9,4,2,19.52
190,157,62,1.61,1343,HIIT,14.8,3.0,5,2,22.91
185,153,58,1.3,1229,HIIT,17.7,3.3,4,2,20.13
189,155,58,1.45,1172,HIIT,12.7,2.9,5,2,22.66
180,159,58,1.37,1103,Strength,11.6,3.0,4,2,21.38
191,156,60,1.34,1155,Strength,14.4,2.9,4,2,21.82
185,162,59,1.64,1188,Cardio,15.4,3.0,5,2,24.06
196,160,58,1.71,1255,Strength,15.8,3.1,5,1,22.07
194,157,56,1.77,1182,Strength,15.5,3.3,4,2,21.69
192,153,60,1.77,1160,Cardio,16.2,3.2,4,1,22.02
191,164,61,1.41,1397,Cardio,14.5,2.8,5,2,23.09
188,157,58,1.43,1187,Strength,12.7,2.7,4,2,23.49
191,160,59,1.43,993,HIIT,17.1,2.6,5,1,19.93
192,160,63,1.64,1169,Yoga,14.9,3.0,5,1,19.59
178,162,62,1.26,1231,Cardio,12.2,3.0,4,2,22.22
187,160,59,1.56,1376,Yoga,16.9,2.4,4,2,19.21
188,160,59,1.68,1035,Cardio,13.6,3.6,5,2,23.01
183,162,60,1.94,1091,Yoga,13.3,3.1,5,1,22.48
188,161,58,1.16,1027,HIIT,13.5,3.5,4,2,21.82
188,166,59,1.77,1120,Yoga,14.6,3.0,5,2,22.68
182,161,58,1.79,1034,Cardio,15.6,2.7,5,1,22.9
194,155,58,1.8,1238,Yoga,15.5,2.7,4,2,21.89
194,156,60,1.46,1247,Strength,15.7,3.7,4,1,22.47
187,161,56,1.75,1133,Cardio,14.9,3.5,6,1,21.33
194,157,60,1.09,1183,Cardio,12.3,2.9,5,2,22.68
197,160,55,1.7,1086,Yoga,17.6,3.3,4,1,21.08
183,161,63,1.91,1045,Cardio,16.7,2.8,4,1,21.69
192,157,58,1.2,1197,Yoga,16.1,3.0,5,2,20.01
186,159,60,1.69,1039,Cardio,15.7,3.4,5,2,19.9
191,159,58,1.89,979,Strength,18.0,3.3,5,2,22.71
193,157,60,1.32,1365,Cardio,15.2,2.5,4,1,21.86
184,158,59,1.75,1163,Cardio,13.1,2.5,4,1,23.1
190,160,58,1.25,1365,Cardio,16.2,3.1,5,1,24.06
188,159,60,1.32,1113,Yoga,16.7,3.1,4,2,19.14
189,158,61,1.43,1131,Strength,16.5,3.3,5,2,22.58
192,163,63,1.23,1104,Yoga,14.2,2.4,5,2,21.45
193,160,58,1.18,1186,HIIT,15.9,3.1,5,2,22.43
188,157,63,1.47,1207,Yoga,16.7,3.4,5,2,20.15
180,153,59,1.11,1149,Yoga,14.2,2.9,5,1,21.4
197,153,55,1.4,1223,HIIT,16.2,3.0,3,1,24.28
194,159,61,1.65,1201,Strength,14.2,3.3,5,2,22.71
199,153,58,1.65,1301,HIIT,16.7,3.0,5,2,23.01
175,155,58,1.57,1240,Cardio,15.9,2.2,5,2,21.73
183,155,56,1.52,1313,HIIT,15.7,3.4,4,2,21.86
196,159,59,1.39,1106,HIIT,16.5,3.1,5,2,23.67
194,152,60,1.51,1326,Strength,12.7,2.7,5,2,19.25
195,157,62,1.94,1088,Cardio,16.9,3.1,4,1,22.07
188,158,63,1.44,1268,Yoga,15.8,2.6,5,1,23.67
183,157,62,1.43,952,Yoga,15.7,3.1,5,2,21.34
180,157,59,1.94,1133,Strength,15.7,3.0,4,1,22.37
192,161,63,1.29,1235,Cardio,13.3,3.5,4,1,23.89
196,158,62,1.85,1174,Cardio,16.0,3.2,6,1,22.7
191,160,57,1.22,1227,Strength,13.7,2.8,4,1,21.94
193,161,58,1.62,1194,HIIT,18.6,2.8,5,2,22.41
199,159,58,1.56,1268,HIIT,14.6,2.6,5,1,20.95
178,161,61,1.36,1311,Cardio,15.2,3.0,6,1,20.93
183,154,61,1.14,1054,HIIT,15.4,3.2,4,2,21.74
180,158,60,1.44,1295,Yoga,16.9,2.6,4,2,22.46
192,163,59,1.82,1312,Cardio,17.6,2.6,4,1,21.29
185,161,54,1.57,879,Yoga,14.9,2.6,5,1,20.77
184,169,58,1.92,1130,HIIT,14.3,3.0,4,1,21.28
189,161,55,1.19,1219,Yoga,15.2,2.9,4,1,23.2
186,160,64,1.49,1206,Strength,12.8,3.3,4,1,20.55
195,161,60,1.52,1311,Cardio,14.4,3.0,4,1,23.4
188,157,56,1.44,1129,Strength,16.2,3.4,5,1,21.44
178,160,61,1.75,1021,Strength,17.4,2.8,5,2,22.27
199,163,59,1.29,1197,Yoga,16.0,3.4,4,1,21.88
189,157,61,1.38,1243,Yoga,17.4,3.0,4,2,22.92
188,157,59,1.49,1246,Cardio,13.8,3.7,4,2,23.8
182,156,59,1.42,1223,Yoga,13.9,3.0,4,1,21.31
191,164,61,1.53,1126,Strength,14.6,2.8,5,2,22.23
180,165,62,1.1,1374,HIIT,14.2,3.1,4,1,21.54
189,162,59,1.54,1261,HIIT,17.6,3.3,4,2,20.61
196,165,60,1.76,1121,Cardio,16.8,3.5,5,1,21.51
192,164,60,1.66,1323,Yoga,15.7,2.7,5,1,22.89
177,164,61,1.66,1137,Strength,15.8,3.1,5,1,21.74
198,161,59,1.2,1149,Strength,12.2,3.2,5,2,22.54
188,160,62,1.6,1094,Yoga,14.6,3.0,5,1,21.72
180,158,62,1.26,1407,HIIT,15.7,3.1,4,2,23.25
188,153,59,1.78,1269,Yoga,13.2,3.2,5,1,22.04
195,156,56,1.34,1223,HIIT,11.7,3.1,5,1,22.0
189,157,57,1.53,1075,HIIT,14.7,3.0,4,2,21.74
189,160,60,1.33,995,HIIT,12.1,2.8,5,2,21.16
188,163,62,1.42,1126,HIIT,18.1,3.2,3,2,21.36
184,161,58,1.52,1159,Cardio,14.6,3.1,4,2,22.6
197,162,60,1.18,1095,Yoga,15.6,3.5,5,1,23.52
173,160,59,1.57,1304,Strength,11.7,2.9,4,1,21.97
191,158,59,1.78,1192,Strength,14.1,3.7,5,1,23.73
191,159,60,1.44,1258,Strength,16.9,2.9,4,1,22.84
181,158,61,1.23,1074,Strength,13.1,2.9,5,2,20.96
192,159,55,1.82,1231,Strength,17.2,2.9,4,2,21.56
188,159,60,1.19,1373,Yoga,12.7,3.0,5,2,19.63
186,160,59,1.51,1457,Cardio,14.0,3.0,5,1,22.39
200,154,58,1.56,1059,Yoga,14.2,3.2,4,2,23.48
194,161,55,1.32,1167,Cardio,13.9,2.9,4,1,21.58
194,158,56,1.66,1220,Strength,14.1,2.9,5,1,21.61
188,161,57,1.6,1308,Strength,14.2,2.6,4,1,21.72
186,157,58,1.67,1363,Strength,14.1,2.9,4,2,22.22
182,159,61,1.28,1206,HIIT,16.7,3.1,5,2,21.27
193,158,61,1.51,1052,Cardio,12.5,3.2,5,1,21.2
188,162,61,1.27,1245,Cardio,16.0,3.1,5,1,22.23
190,161,58,1.3,961,HIIT,20.4,2.6,5,1,21.21
186,159,62,1.26,1268,Strength,14.8,3.4,4,2,22.75
188,157,60,1.48,1228,Cardio,16.5,3.3,5,1,21.4
183,160,60,1.22,1137,Strength,15.7,3.3,4,1,20.41
195,163,59,1.6,1173,HIIT,14.6,2.8,4,1,22.92
191,160,61,1.17,1309,Yoga,13.8,2.9,4,1,21.67
192,163,55,1.83,1357,Yoga,18.5,2.8,5,2,22.42
179,162,58,1.6,1208,Strength,16.2,2.9,5,2,21.61
190,158,59,1.69,1287,Strength,14.3,2.6,5,1,22.26
198,157,58,1.62,1159,HIIT,17.4,3.1,6,1,22.47
188,158,59,1.76,1247,Cardio,12.8,3.0,4,1,21.56
185,158,63,1.39,1229,Yoga,14.2,3.2,4,1,22.07
198,160,59,1.56,1177,Strength,18.8,2.8,5,2,23.14
192,159,59,1.49,1087,Strength,15.8,2.6,4,1,20.83
177,160,58,1.57,1348,Cardio,13.9,2.8,5,2,22.75
187,161,59,1.43,1105,Yoga,15.0,2.9,5,2,23.42
189,158,59,1.46,1270,Cardio,16.3,2.7,4,2,21.03
196,157,63,1.4,1138,HIIT,16.3,3.1,4,2,19.66
193,161,63,1.32,1165,HIIT,14.5,2.9,5,1,22.05
191,157,61,1.83,1235,HIIT,12.9,2.7,5,1,23.05
195,158,60,1.2,975,Cardio,14.6,3.0,4,1,23.15
185,159,59,1.88,1115,Strength,17.4,2.3,4,2,21.29
195,156,63,1.22,1302,Strength,14.0,3.2,5,2,21.87
188,160,59,1.22,1215,HIIT,12.4,3.5,5,1,21.31
187,155,61,1.54,1165,HIIT,14.9,2.6,4,2,21.52
187,161,59,1.7,1216,HIIT,17.6,3.5,5,1,21.53
186,161,57,1.17,1247,Cardio,14.1,2.0,4,2,22.08
192,159,62,1.3,1172,Strength,13.3,3.2,5,1,21.42
184,158,58,1.51,1185,Cardio,13.9,2.8,3,2,20.91
185,162,58,1.29,1385,Cardio,15.4,3.4,5,2,21.96
189,161,62,1.6,1140,Strength,14.2,2.5,5,2,21.76
200,162,61,1.65,1091,Cardio,14.3,3.1,4,2,21.12
186,161,60,1.39,1165,Cardio,14.0,3.1,5,1,22.38
198,163,57,1.47,1178,HIIT,14.4,2.7,5,1,23.43
193,159,62,1.25,1146,Strength,12.8,3.4,4,2,22.67
190,161,58,1.88,1319,Yoga,13.6,2.8,4,2,22.14
193,160,60,1.31,1163,Cardio,14.8,3.4,4,1,22.1
187,164,62,1.53,1284,Cardio,18.3,2.8,4,1,21.81
192,155,58,1.72,1178,Strength,12.2,2.7,5,2,22.55
186,163,60,1.63,1398,Cardio,19.8,3.0,4,2,21.49
186,165,61,1.43,1215,Strength,15.9,3.5,5,2,23.44
187,161,61,1.58,1288,Cardio,16.2,3.0,5,2,23.09
183,160,63,1.32,1128,Yoga,16.5,2.9,4,1,21.33
191,158,57,1.29,1296,Strength,14.0,3.2,5,1,21.1
182,154,60,1.7,1365,Strength,10.6,2.9,4,2,20.15
187,154,60,1.71,1291,Strength,12.9,2.5,4,2,21.45
189,155,60,1.84,1299,Strength,13.7,3.2,4,1,22.19
183,158,60,1.49,1129,Yoga,16.6,3.3,4,2,20.65
200,158,57,1.81,1247,Cardio,15.4,3.1,4,2,22.39
192,159,60,1.47,1247,Cardio,14.0,3.1,4,1,22.56
197,156,59,1.46,1104,HIIT,13.9,3.4,4,2,21.68
190,164,63,1.41,1197,HIIT,11.7,2.5,4,2,22.01
198,159,58,1.48,1221,Cardio,13.3,3.1,4,1,22.52
196,161,57,1.42,1315,Cardio,15.7,3.2,4,1,21.86
184,161,58,1.75,1151,Cardio,13.8,3.3,5,1,22.85
187,160,59,1.8,1290,HIIT,13.7,2.8,4,1,21.63
192,159,62,1.45,1337,Yoga,11.0,3.0,4,2,22.73
185,155,62,1.48,1201,HIIT,15.8,3.4,5,1,20.8
192,160,60,1.69,1108,Cardio,15.8,3.1,5,1,23.62
189,157,62,1.69,1291,Strength,15.2,2.6,5,1,19.82
187,160,63,1.48,1106,Cardio,12.8,3.1,4,2,22.68
193,159,60,1.18,1235,HIIT,12.1,2.6,5,1,22.56
184,164,60,1.54,1127,Cardio,14.8,3.0,4,2,22.42
185,165,58,1.7,1226,Strength,16.3,3.3,5,1,23.44
186,161,60,1.64,1183,HIIT,14.3,3.4,4,1,21.8
188,167,60,1.36,1017,Strength,17.0,2.7,4,1,21.91
189,157,61,1.65,1204,Strength,14.8,3.1,5,2,23.5
190,162,61,1.64,1264,Yoga,16.3,3.3,5,2,21.86
189,159,62,1.89,1274,Cardio,14.7,3.4,5,2,21.55
186,154,61,1.25,1091,Cardio,16.8,3.0,5,2,21.73
193,165,57,1.69,1069,Yoga,16.4,3.4,5,2,21.47
185,163,59,1.19,1168,HIIT,18.7,3.2,4,2,21.95
187,157,58,1.61,1093,Yoga,13.7,3.3,4,1,21.72
181,159,61,1.23,1191,Strength,17.6,3.4,5,1,23.48
189,159,58,1.74,1198,Strength,16.3,2.7,4,1,22.72
184,164,55,1.67,1356,HIIT,14.6,3.2,4,2,22.46
185,158,59,1.34,1285,Yoga,13.6,2.7,4,1,23.52
183,162,63,1.29,1070,Yoga,14.9,3.2,4,1,21.19
194,160,56,1.53,1270,Cardio,14.8,3.2,4,1,22.63
194,159,62,1.23,1199,HIIT,18.1,3.3,4,2,19.45
195,159,62,1.55,1165,Strength,14.7,2.6,3,1,20.67
188,158,59,1.16,974,Cardio,18.6,3.0,5,1,20.73
187,154,58,1.44,1216,Yoga,12.4,3.6,5,1,21.46
197,159,59,1.79,1116,HIIT,11.8,3.3,4,2,23.43
187,159,63,1.87,1055,HIIT,14.5,3.0,5,2,22.87
198,159,58,1.43,1297,Yoga,15.5,3.1,5,1,20.64
189,159,55,1.83,1114,HIIT,15.2,2.9,4,1,20.05
188,162,58,1.38,1245,Strength,13.0,2.7,4,1,23.6
190,157,58,1.5,1275,HIIT,15.5,3.4,5,2,22.37
196,162,63,1.41,1219,Cardio,14.2,3.3,4,1,21.12
190,158,60,1.07,1394,Cardio,14.5,3.6,5,2,22.98
187,158,62,1.09,1277,Strength,18.1,3.5,5,1,22.65
179,156,64,1.73,1258,HIIT,15.9,3.3,5,1,20.97
190,158,61,1.54,1209,HIIT,17.0,2.5,4,1,22.21
195,163,56,1.63,1257,Strength,14.5,3.0,4,2,22.3
196,155,58,1.51,1172,Yoga,14.3,3.1,5,1,22.66
193,158,58,1.6,1106,Cardio,11.3,2.9,4,1,21.32
192,163,58,1.07,1157,Strength,18.3,2.8,5,1,21.17
195,162,59,1.72,1170,HIIT,13.7,2.6,4,1,20.67
183,160,60,1.34,1344,Yoga,14.0,3.1,5,1,20.27
183,161,59,1.68,1053,Yoga,15.8,2.9,4,2,22.41
190,158,62,1.29,1275,Cardio,17.9,3.2,4,2,20.86
191,164,58,1.68,993,HIIT,12.8,3.2,5,2,21.62
194,160,60,1.48,1282,Cardio,12.5,3.1,5,1,20.54
194,158,60,1.56,1286,HIIT,12.8,3.0,4,2,19.99
185,164,60,1.38,1176,Strength,16.0,3.2,5,1,22.63
187,163,60,1.61,1260,Strength,14.4,2.6,5,2,21.22
185,156,56,1.31,1172,HIIT,12.3,3.5,4,2,22.83
198,161,59,1.12,1219,Yoga,14.4,3.2,5,2,21.36
185,154,58,1.8,1144,Strength,16.4,3.1,5,2,22.35
196,162,60,1.53,1234,HIIT,14.1,2.7,5,2,23.33
192,164,57,1.45,1343,Cardio,15.6,3.2,4,2,21.01
191,160,59,1.35,1268,Yoga,13.6,3.6,4,2,21.99
190,158,60,1.72,1108,HIIT,17.8,2.7,5,2,21.77
189,158,60,1.53,1108,Strength,16.7,2.6,4,2,21.82
191,162,60,1.91,1227,Strength,16.6,3.0,4,1,22.9
187,158,58,1.54,1129,Cardio,12.9,2.8,4,1,23.56
191,157,59,1.58,1224,Cardio,11.4,2.9,4,1,21.33
184,163,60,1.62,1263,Yoga,15.9,2.9,5,1,21.73
190,163,63,1.72,1049,HIIT,14.5,3.2,4,2,21.14
179,165,60,1.7,1182,HIIT,10.3,2.9,4,2,21.29
195,161,62,1.68,1242,Cardio,15.5,3.3,5,2,22.22
198,161,61,1.56,1242,Yoga,14.8,3.2,4,2,21.12
193,158,57,1.35,1211,Cardio,15.2,2.9,5,1,21.19
187,157,58,1.67,1165,Yoga,17.8,3.1,5,2,22.78
190,157,58,1.34,1172,HIIT,13.8,3.2,5,2,22.71
189,161,59,1.45,1197,HIIT,16.2,3.3,5,2,21.73
184,163,60,1.41,1084,Strength,14.2,3.1,4,2,23.14
196,158,64,1.46,1136,Strength,15.5,3.1,4,1,21.85
185,159,58,1.68,1215,Cardio,17.6,2.8,4,2,23.21
186,162,60,1.55,1102,HIIT,12.7,3.0,4,2,22.17
190,156,59,1.37,1184,Strength,13.8,2.6,5,2,23.85
189,160,57,1.65,1203,Yoga,14.2,2.5,4,2,21.57
189,155,62,1.48,1138,Cardio,15.6,3.4,4,1,21.73
184,156,59,1.83,1150,Strength,17.1,2.6,5,1,22.3
189,160,59,1.27,1254,Strength,16.8,2.9,4,1,21.21
189,157,59,1.61,1234,Yoga,15.5,2.7,5,1,20.64
188,157,60,1.52,1262,Yoga,17.3,2.5,5,2,22.02
188,154,58,1.28,1230,Cardio,17.1,3.2,4,2,22.04
180,163,61,1.26,1136,Yoga,19.3,3.0,4,2,21.88
180,157,64,1.37,1137,Strength,11.5,2.9,5,1,23.39
194,169,57,1.53,1280,Yoga,13.1,2.6,6,1,21.45
189,162,61,1.71,1299,Strength,14.8,3.3,5,2,21.84
191,158,60,1.7,1310,Yoga,17.1,2.5,5,2,21.69
185,161,62,1.75,1262,HIIT,17.9,3.3,5,1,22.34
185,154,61,1.54,1317,Yoga,18.2,3.4,4,2,22.26
180,156,61,1.73,1181,HIIT,14.9,2.5,5,2,21.68
185,158,58,1.36,1219,Cardio,17.1,3.2,5,2,21.59
185,159,57,1.67,1215,Yoga,14.1,3.0,4,2,23.35
186,159,60,1.37,1134,Strength,13.4,3.0,5,2,23.2
191,166,61,1.44,1113,Cardio,20.5,2.3,4,1,23.44
192,161,58,1.47,1170,Cardio,16.1,2.9,5,1,21.24
191,159,58,1.68,1106,HIIT,14.1,3.0,5,2,21.35
183,162,61,1.71,1273,Yoga,14.6,2.7,5,1,22.34
185,161,60,2.05,1255,HIIT,14.5,3.2,5,1,21.5
191,159,56,1.46,1163,Strength,16.7,2.7,5,2,22.67
185,158,58,1.66,1147,HIIT,14.8,2.5,5,2,22.11
190,155,58,1.58,1126,Strength,15.8,2.9,4,2,20.84
184,161,60,1.61,1220,Yoga,12.4,3.3,4,1,22.91
192,158,60,1.7,1197,Yoga,19.2,2.7,5,2,21.99
178,157,56,1.41,1174,Strength,17.4,3.0,4,1,21.69
186,164,60,1.38,1050,Cardio,12.6,3.2,4,1,21.4
189,155,60,1.53,1180,HIIT,15.4,2.9,4,2,22.6
192,160,60,1.56,1248,HIIT,13.5,2.8,4,1,21.87
194,156,61,1.4,1279,Yoga,13.3,2.9,3,2,21.28
185,163,55,1.53,1165,HIIT,18.1,3.4,4,2,21.34
200,158,57,1.23,1179,Cardio,13.0,3.1,4,2,22.19
193,157,60,1.6,1218,HIIT,15.9,2.6,5,2,21.3
190,160,61,1.13,1014,Strength,16.3,2.9,4,1,19.98
189,159,57,1.46,1154,Cardio,13.5,3.0,5,2,20.71
195,162,56,1.45,1045,HIIT,12.3,2.8,4,1,21.85
180,160,60,1.64,1179,HIIT,16.0,2.8,4,2,23.28
186,153,57,1.4,1238,Yoga,14.7,3.1,4,1,21.78
195,159,56,1.41,1242,Yoga,14.6,3.2,4,2,21.12
184,158,59,1.32,1268,Cardio,12.9,3.2,4,2,21.88
184,161,60,1.41,1099,Strength,15.1,3.1,4,1,23.4
185,159,56,1.32,1107,Cardio,10.3,2.9,4,2,21.28
195,164,60,1.78,1189,Cardio,12.7,2.6,4,2,21.54
194,159,60,1.35,1149,Strength,17.6,3.3,6,1,21.85
194,163,58,1.33,1134,Yoga,15.1,2.4,5,2,21.66
189,150,57,1.61,1058,HIIT,20.1,3.2,5,2,22.7
197,163,57,1.51,1130,HIIT,16.0,3.2,5,1,22.4
186,159,62,1.55,1199,Yoga,14.9,3.1,4,1,23.33
197,156,61,1.8,1191,Yoga,13.6,2.7,5,1,21.97
187,161,60,1.89,1266,HIIT,15.9,3.4,4,2,21.33
188,163,61,1.23,1180,Yoga,15.9,3.1,4,1,20.99
191,158,59,1.2,1318,Yoga,15.1,2.6,5,1,22.59
192,159,59,1.36,1181,Strength,17.3,2.6,5,2,20.39
196,158,59,1.5,1277,HIIT,16.7,2.8,5,1,21.5
196,157,64,1.48,1287,Yoga,15.6,2.9,5,2,23.33
192,162,59,1.61,1321,Strength,16.1,2.7,5,1,23.27
184,161,61,1.4,1129,Yoga,15.1,3.5,5,1,21.93
193,158,57,1.56,1095,Yoga,14.4,3.2,4,2,23.13
189,157,58,1.91,1303,HIIT,16.0,3.2,5,1,21.09
184,157,59,1.52,966,Yoga,16.3,3.0,4,2,22.78
192,159,59,1.71,962,Yoga,12.4,2.9,3,2,22.89
189,153,60,1.14,1191,Cardio,14.0,3.0,5,1,22.2
198,156,59,2.02,1152,HIIT,16.2,3.3,4,1,22.37
186,162,60,1.52,1358,Cardio,14.9,2.7,4,2,23.06
186,162,58,1.31,1093,Strength,18.3,3.1,5,1,22.28
189,164,59,1.8,1234,Strength,17.6,3.2,4,2,20.56
187,166,61,1.57,1368,Cardio,15.0,2.8,5,2,21.74
190,161,60,1.62,1295,Yoga,16.1,3.0,4,1,22.76
195,154,63,1.51,1276,Yoga,11.5,3.6,5,1,22.73
185,159,61,1.82,1395,Strength,16.3,3.0,4,1,20.21
194,162,58,1.66,1092,Yoga,16.7,2.8,5,1,22.42
184,154,61,1.41,1175,Yoga,10.7,3.2,5,1,21.01
197,163,60,1.65,1237,Cardio,16.8,2.9,5,1,20.53
194,157,61,1.84,1195,Strength,15.8,3.4,5,2,21.52
192,158,58,1.64,1072,Yoga,14.7,2.9,4,1,22.15
190,163,55,1.56,1228,HIIT,14.7,3.4,4,1,21.17
190,158,58,1.55,1300,HIIT,17.8,2.8,4,1,21.98
183,155,56,1.32,1220,Cardio,16.1,3.0,4,1,21.83
190,162,56,1.56,1283,Cardio,14.2,3.3,5,2,21.97
189,160,61,1.57,1122,Yoga,16.7,2.5,5,2,23.11
191,160,58,1.4,1242,HIIT,16.3,3.1,5,1,21.78
188,159,61,1.52,1176,Cardio,14.1,3.4,4,2,21.92
191,155,60,1.65,1111,HIIT,13.8,3.3,5,2,22.1
194,153,62,1.32,1195,Cardio,16.9,2.6,5,2,21.57
191,157,59,1.5,1123,Strength,15.3,2.6,4,2,22.28
185,159,60,1.16,1027,Cardio,18.1,3.1,4,1,23.0
182,159,62,1.47,1163,Cardio,15.3,3.0,4,2,22.63
179,154,59,1.5,1276,Cardio,12.9,3.2,3,2,21.87
193,154,61,1.45,1234,Yoga,15.2,3.6,5,2,24.19
200,159,59,1.5,1244,Cardio,13.7,3.0,4,1,21.03
183,163,61,1.79,1281,Yoga,14.0,2.4,4,2,20.99
192,158,59,1.49,1144,Cardio,10.8,2.5,5,1,22.71
186,160,58,1.67,1209,Yoga,16.1,2.9,5,1,20.37
200,158,60,1.56,1208,Strength,15.3,3.0,4,2,22.47
187,162,61,1.76,1111,Strength,12.9,2.9,5,2,22.38
190,157,60,1.6,1173,Cardio,13.9,3.1,5,2,21.94
191,160,57,1.63,1220,HIIT,13.6,2.8,4,2,19.49
191,163,61,1.39,1190,Yoga,14.3,2.7,5,2,22.29
194,157,57,1.44,1145,HIIT,14.4,3.2,5,2,21.52
180,161,59,1.78,1068,Strength,15.0,3.2,4,1,23.97
196,161,58,1.4,1068,Strength,16.1,2.6,5,1,22.29
187,158,59,1.56,1112,Cardio,16.3,3.8,5,1,20.99
191,159,58,1.82,1192,Cardio,12.3,2.7,4,2,22.9
187,160,59,1.52,1030,Strength,16.3,3.1,5,1,23.83
195,161,60,1.5,1249,Yoga,10.9,2.8,5,2,21.37
194,159,57,1.69,1197,HIIT,17.3,2.9,4,2,23.45
192,159,63,1.55,1146,Yoga,16.6,3.0,4,1,22.08
196,158,59,1.24,1171,HIIT,11.2,3.1,4,1,23.17
187,159,60,1.39,1188,HIIT,17.6,2.8,4,2,24.14
188,159,63,1.16,1350,Yoga,19.0,2.9,5,2,21.03
186,163,62,1.98,1337,Yoga,12.3,2.7,5,1,21.53
182,160,59,1.52,1229,Cardio,15.8,3.4,4,2,21.29
195,166,55,1.92,1166,Strength,15.9,2.6,6,1,21.19
195,160,61,1.57,1136,HIIT,15.3,2.8,4,1,22.7
193,161,58,1.5,1285,HIIT,17.8,2.9,4,2,24.05
187,160,64,1.57,1295,Strength,17.0,3.6,4,1,22.34
185,164,59,1.51,1183,Yoga,14.1,3.5,4,2,21.75
189,160,60,1.73,1229,HIIT,17.2,2.6,5,1,21.9
192,155,64,1.33,1139,Yoga,13.3,3.3,5,2,21.27
194,159,60,1.36,1134,Yoga,14.9,2.9,4,1,22.49
198,159,59,1.84,1198,Strength,14.0,2.9,4,2,23.21
184,156,57,1.96,1120,Cardio,13.3,2.9,5,2,21.47
181,154,60,1.35,1224,Yoga,14.6,3.1,4,1,22.93
200,157,62,1.52,1256,Cardio,11.8,3.1,4,2,21.43
191,161,64,1.34,1231,Yoga,15.3,2.8,4,2,22.03
200,158,58,1.63,1187,Strength,14.1,3.3,4,1,24.33
194,152,54,1.28,1242,Strength,10.4,2.6,4,1,21.49
195,157,60,1.63,1315,Strength,19.0,3.3,5,2,20.9
195,160,59,1.48,1113,HIIT,15.1,3.3,4,1,22.35
186,163,58,1.62,1240,HIIT,13.9,3.7,5,2,21.26
192,156,57,1.32,1371,Strength,17.1,2.4,4,1,23.54
191,156,58,1.38,1237,HIIT,15.7,2.9,4,1,22.82
189,159,56,1.43,1131,HIIT,14.0,3.1,5,2,20.09
190,157,58,1.39,1034,Strength,13.8,3.0,5,1,20.2
192,161,58,1.09,1169,Strength,16.1,3.2,4,2,23.11
189,157,59,1.4,1233,Yoga,11.8,4.0,4,2,22.55
196,159,59,1.43,1290,Yoga,12.2,2.8,5,2,25.3
190,161,58,1.69,1176,Strength,15.5,3.4,4,1,22.39
183,157,56,1.44,1339,HIIT,12.4,3.5,4,1,23.92
190,163,61,1.6,1181,Yoga,10.2,3.0,4,1,20.99
188,158,60,1.48,1192,Cardio,17.9,3.2,5,2,21.96
197,161,60,1.68,1120,Strength,14.0,2.8,4,1,22.83
191,158,57,1.43,1364,Strength,13.3,2.9,5,1,22.07
190,161,55,1.34,1103,Cardio,14.1,3.2,5,1,20.9
185,158,57,1.3,1193,HIIT,11.7,2.7,4,2,21.37
185,156,59,1.37,1320,Strength,16.0,2.6,5,1,22.42
200,161,61,1.61,1333,HIIT,13.7,3.5,5,2,21.53
193,159,57,1.43,1145,Strength,19.7,2.9,5,1,20.58
183,167,62,1.38,1242,Yoga,18.7,3.0,5,2,22.55
192,157,57,1.5,1128,HIIT,12.7,3.2,4,2,22.11
197,157,59,1.55,1292,HIIT,12.8,2.9,5,2,22.85
192,161,60,1.3,1082,Cardio,15.5,3.4,5,2,21.9
198,160,62,1.6,1140,Cardio,17.3,3.2,5,2,21.7
186,154,61,1.57,1133,HIIT,17.4,3.1,3,1,22.46
186,161,62,1.34,1199,Strength,13.3,3.1,5,1,22.14
200,162,58,1.52,1271,HIIT,16.1,3.1,5,2,20.86
192,160,56,1.78,1201,HIIT,17.4,3.3,4,1,20.64
190,166,61,1.8,1242,HIIT,15.2,3.1,5,2,24.67
191,159,60,1.28,1348,Yoga,15.9,2.9,4,1,21.23
185,166,60,1.61,1167,Yoga,16.4,2.7,4,1,20.36
199,163,65,1.79,1198,Strength,15.2,2.7,4,2,23.46
191,160,61,1.64,1208,HIIT,10.4,2.8,4,2,21.51
181,156,60,1.46,1284,Cardio,17.2,3.0,5,2,22.86
183,162,62,1.46,1161,Yoga,15.2,3.3,5,1,21.04
185,158,62,1.27,1051,HIIT,19.5,3.1,4,1,21.04
188,159,62,1.61,1200,Cardio,14.2,2.9,5,1,24.81
187,157,58,1.19,1280,HIIT,17.3,3.0,4,2,22.18
195,154,59,1.58,1161,Strength,17.9,3.6,5,1,22.07
196,161,60,1.61,1227,Strength,14.9,2.8,5,1,21.66
187,159,57,1.55,1318,Cardio,16.3,2.7,4,2,22.81
194,164,60,1.71,1352,Cardio,10.1,2.4,5,1,21.91
192,159,56,1.63,1083,HIIT,14.8,3.2,5,2,23.3
194,163,61,1.1,1313,Yoga,12.3,3.3,4,1,20.22
184,161,60,1.38,1315,Strength,11.8,2.8,3,1,22.04
193,159,62,1.48,1270,Strength,17.2,3.3,5,2,23.75
190,159,58,1.56,1266,HIIT,15.7,3.4,5,1,23.35
183,158,56,1.54,1202,Strength,16.0,2.4,4,2,21.69
193,164,59,1.68,1207,Strength,14.6,3.6,4,2,21.34
192,165,61,1.52,1253,Yoga,14.2,2.9,4,1,22.54
198,159,60,1.16,1016,HIIT,16.5,2.8,3,2,21.22
185,161,58,1.25,1218,Strength,18.0,3.2,4,1,23.38
190,158,56,1.32,1282,Yoga,15.4,2.8,5,2,21.71
189,161,58,1.36,1033,Yoga,16.9,2.6,6,2,20.85
185,160,58,1.31,1125,HIIT,12.0,2.7,6,2,22.1
188,159,60,0.94,1261,Yoga,16.4,3.0,4,2,23.11
192,163,57,1.53,1063,Strength,10.4,2.9,4,1,21.67
181,160,59,1.51,1227,HIIT,16.0,2.6,4,1,22.08
181,161,57,1.34,1173,HIIT,15.0,3.3,5,2,22.51
192,160,58,1.49,1244,Yoga,17.3,2.4,4,2,22.55
187,159,59,1.6,1379,Yoga,16.0,3.2,5,1,22.47
174,155,61,1.52,1295,HIIT,13.2,3.0,4,1,21.92
192,166,58,1.65,1293,Strength,14.9,3.3,4,1,22.43
190,161,58,1.45,1229,Cardio,11.7,3.3,4,1,21.2
195,163,62,1.6,1197,Yoga,16.9,2.8,5,1,25.3
189,159,58,1.7,1223,Cardio,17.8,3.0,4,2,23.11
186,161,56,1.71,1200,Strength,16.3,3.1,5,1,20.87
190,156,60,1.4,1077,HIIT,11.6,2.7,4,1,22.41
191,157,61,1.23,1012,Cardio,14.4,3.1,5,2,21.9
193,163,60,1.33,1117,Yoga,15.4,2.4,5,1,22.57
195,158,57,1.47,1181,Cardio,13.9,3.4,5,2,21.48
183,155,60,1.6,1039,HIIT,15.0,3.2,4,2,21.9
188,162,61,1.22,1169,HIIT,14.9,3.0,5,1,21.92
200,155,60,1.56,992,Yoga,12.2,3.1,5,2,21.6
194,159,59,1.78,1163,Cardio,13.4,3.1,4,1,21.41
194,155,61,1.47,1144,Strength,13.9,2.9,5,2,23.28
187,163,60,1.48,1234,Yoga,13.0,2.9,6,2,22.4
178,163,62,1.55,1335,HIIT,13.6,2.9,5,1,21.43
188,163,59,1.51,1105,Yoga,11.7,2.8,4,2,22.43
188,157,60,1.52,1195,Strength,16.5,3.1,5,1,20.85
188,155,58,1.17,1176,Strength,11.3,2.7,5,1,21.71
192,154,61,1.31,1307,Yoga,10.6,3.1,4,1,23.15
191,158,60,1.37,1039,HIIT,13.9,3.2,4,2,23.63
183,160,60,1.42,1032,Yoga,12.7,2.6,4,2,21.96
192,158,60,1.35,976,Cardio,16.4,3.1,4,2,21.72
193,161,56,1.06,1055,HIIT,15.2,3.6,4,1,24.32
184,157,59,1.18,1055,Cardio,13.9,2.7,5,2,22.78
186,164,55,1.91,1125,Cardio,15.4,2.3,3,2,22.09
191,163,62,1.6,1085,Strength,11.2,3.2,4,1,21.9
189,159,63,1.89,1359,Yoga,15.3,3.2,5,1,23.34
189,160,58,1.61,1145,Cardio,14.3,2.7,4,1,21.1
194,159,61,1.4,1090,Yoga,11.6,2.6,5,1,21.79
197,159,59,1.4,1206,Strength,17.0,3.2,5,1,21.85
